{
  "6141 barrows drive, los angeles, ca, 90048": [
    34.0603082,
    -118.3641137
  ],
  "2000 ave of the stars #1000s, los angeles, ca 90067, los angeles, ca, 90067": null,
  "858 w jackman st., lancaster ca, los angeles, ca, 93534": [
    34.686682,
    -118.137425
  ],
  "517 w. glenoaks blvd., los angeles, ca, 91202": [
    34.1593124,
    -118.2646828
  ],
  "1919 e el segundo blvd compton ca 90222, los angeles, ca, 90222": [
    33.916872,
    -118.220062
  ],
  "2851 west 120th st, , hawthorne, ca, los angeles, ca, 90250": [
    33.9244689,
    -118.323944
  ],
  "9595 wilshire blvd., los angeles, ca, 90212": [
    34.067321,
    -118.398273
  ],
  "717 w. temple st., los angeles, ca, 90012": [
    34.05758,
    -118.2523
  ],
  "715 e mission rd, los angeles, ca, 91776": [
    34.0917097,
    -118.0926814
  ],
  "2533 w 3rd st los angeles, ca, los angeles, ca, 90057": [
    34.0653322,
    -118.2771994
  ],
  "3530 wilshire blvd, 8th floor, los angeles, ca 90010, los angeles, ca, 90010": [
    34.061028,
    -118.3012
  ],
  "alvarado and beverly, los angeles, ca, 90057": [
    34.06485,
    -118.278945
  ],
  "36355 russell blvd, davis, ca, los angeles, ca, 95616": null,
  "510 s. vermont ave, 11th floor, los angeles, los angeles, ca, 90020": null,
  "1517 ashland ave, los angeles, ca, 90405": [
    34.025681,
    -118.478065
  ],
  "500 w. temple street room 383 los angeles, ca, los angeles, ca, 90012": null,
  "510 s. vermont ave., los angeles, ca 90020, los angeles, ca, 90020": [
    34.0651468,
    -118.2915495
  ],
  "3530 wilshire blvd., . los angeles, ca, los angeles, ca, 90010": [
    34.0616527,
    -118.3017696
  ],
  "12860 crossroads prkwy. south, los angeles, ca, 91746": [
    34.028243,
    -118.024345
  ],
  "4301 w 3rd street los angeles, ca 90020, los angeles, ca, 90020": null,
  "701 hoefner ave los angeles ca 90022, los angeles, ca, 90022": [
    34.0210673,
    -118.1498999
  ],
  "4921 n cedar ave, los angeles, ca, el monte, ca 91732": [
    34.0815179,
    -118.0250151
  ],
  "11243 glenoaks blvd., los angeles, ca, 90038": [
    34.274572,
    -118.4127556
  ],
  "840 echo park ave, los angeles, ca, 90026": [
    34.073635,
    -118.2603
  ],
  "143 s alvarado st los angeles, los angeles, ca, 90057": [
    34.0659047,
    -118.2709077
  ],
  "750 north alameda street, los angeles, ca, los angeles, ca, 90012": [
    34.0558851,
    -118.2374432
  ],
  "1231 n. spring street, los angeles, ca, 90039": [
    34.06985,
    -118.236465
  ],
  "7412 fulton ave , north hollywood, ca, los angeles, ca, 91605": [
    34.2047717,
    -118.4224271
  ],
  "129 e 223rd street carson ca, los angeles, ca, 90745": [
    33.8242844,
    -118.2750167
  ],
  "222 e glenarm street  pasadena, ca 91106, los angeles, ca, 91106": [
    34.1274655,
    -118.1452655
  ],
  "250 e center street, los angeles, ca, 91767": [
    34.061448,
    -117.7469713
  ],
  "5600 rickenbacker road, bell, ca, los angeles, ca, 90201": [
    33.9908781,
    -118.1683167
  ],
  "po box 32861 long beach ca 90832, los angeles, ca, 90813": [
    33.77005,
    -118.193739
  ],
  "5939 hollywood blvd, los angeles, ca, 90028": [
    34.100292,
    -118.327759
  ],
  "961 s mariposa ave # 205, los angeles, ca, 90006": [
    34.047825,
    -118.304545
  ],
  "777 s alameda st, 2nd floor los angeles, ca 90021, los angeles, ca, 90021": null,
  "244 s. san pedro street, los angeles, los angeles, ca, 90012": [
    34.0473914,
    -118.2419061
  ],
  "1000 n. alameda st., los angeles, ca, 90012": [
    34.06485,
    -118.2233
  ],
  "1734 east 41st street, los angeles ca 90058, los angeles, ca, 90058": [
    34.0079733,
    -118.2422964
  ],
  "65 pine ave., #898, long beach, ca 90802, los angeles, ca, 90802": [
    33.7673865,
    -118.1924793
  ],
  "515 s figueroa street, los angeles, ca, 90071": [
    34.0520935,
    -118.2580793
  ],
  "11031 camarillo st, los angeles, ca, 91602": [
    34.237842,
    -118.445123
  ],
  "15453 rayen street, los angeles, ca, 91343": [
    34.2319908,
    -118.4688207
  ],
  "10896 lehigh ave. pacoima, ca 91331, los angeles, ca, 91331": null,
  "4103 w adams blvd, los angeles, ca, 90018": [
    34.0326809,
    -118.3297303
  ],
  "153 glendale blvd., los angeles, ca, los angeles, ca, 90007": [
    34.0623324,
    -118.2595889
  ],
  "922 vine street, los angeles, ca, 90038": [
    34.100292,
    -118.327759
  ],
  "905 e. 8th st., los angeles, ca 90021, los angeles, ca, 90021": [
    34.0312699,
    -118.2419335
  ],
  "675 s. carondelet street los angeles, ca, los angeles, ca, 90057": [
    34.0593166,
    -118.2811713
  ],
  "104 e avenue k-4, los angeles, ca, 93535": [
    34.6707619,
    -118.1296078
  ],
  "601 s. san pedro st., los angeles ca, los angeles, ca, 90014": [
    34.0422635,
    -118.2459874
  ],
  "825 e orange grove blvd, pasadena, ca, los angeles, ca, 91104": [
    34.1579077,
    -118.1334329
  ],
  "1150 s olive st, los angeles, ca 90015, los angeles, ca, 90015": [
    34.0393986,
    -118.261097
  ],
  "700 w main st alhambra, ca, los angeles, ca, 91801": [
    34.0917776,
    -118.1338951
  ],
  "3551 trousdale parkway, los angeles, ca, los angeles, ca, 90089": [
    34.0208709,
    -118.2855497
  ],
  "1600 campus road, los angeles, los angeles, ca, 90041": [
    34.127195,
    -118.2099203
  ],
  "1710 22nd street, santa monica, los angeles, ca, 90404": [
    34.0252623,
    -118.4728412
  ],
  "1969 s vermont ave, los angeles, ca, 90007": [
    34.0386855,
    -118.2916553
  ],
  "3100 venice blvd, los angeles, 90019 ca, los angeles, ca, 90019": [
    34.043487,
    -118.317859
  ],
  "5142 tujunga ave, north hollywood, los angeles, ca, 91601": [
    34.1638153,
    -118.3788763
  ],
  "2000 avenue of the stars, los angeles, ca 90067, los angeles, ca, 90067": [
    34.0583138,
    -118.4146758
  ],
  "36355 russell blvd, davis, ca 95616, los angeles, ca, 95616": null,
  "510 south vermont ave,  los angeles, los angeles, ca, 90020": [
    34.0651468,
    -118.2915495
  ],
  "500 west temple street,  los angeles, ca, los angeles, ca, 90012": [
    34.057276,
    -118.245558
  ],
  "4301 west third street street los angeles, ca 90020, los angeles, ca, 90020": null,
  "777 south alameda st,  los angeles, ca 90021, los angeles, ca, 90021": [
    34.0336253,
    -118.2413866
  ],
  "10896 lehigh ave. pacoima, ca, los angeles, ca, 91331": [
    34.2678329,
    -118.4151902
  ]
}